"Year","Expenditures Month","Import Duty","Excise Duty","Income Tax","VAT","Total Tax Revenue","Non-Tax Revenue","Total Revenue","Programme Grants","Project Grants","Total Grants","Domestic Interest","Foreign Interest","Wages Salaries","Pensions","Other","Total Recurrent Expenditure","Development Expenditure","Total Expenditure"
"2018","August","18175","29284","89560","61802","198822","28285","227106","0","1496","1496","34002","19077","74026","7693","82061","216860","36083","252943"
"2018","July","8299","15926","41767","29938","95931","14224","110156","0","0","0","17312","10462","37013","3300","21385","89473","2204","91676"
"2018","June","99215","162484","640593","356856","1259148","228079","1487227","0","27600","27600","239470","84420","383951","65099","852846","1625786","485673","2111459"
"2018","June","93691","167881","642290","356729","1260591","278815","1539405","0","27886","27886","239470","81605","392823","66046","936413","1716357","489766","2206123"
"2018","May","89169","146330","576431","322619","1134549","173168","1307717","0","25660","25660","214077","66456","358654","54667","749017","1442871","392982","1835853"
"2018","May","89169","146330","576431","322619","1134549","173168","1307717","0","25660","25660","214077","66456","358654","54667","749017","1442871","392982","1835853"
"2018","April","80420","132195","521795","289817","1024226","150937","1175162","0","23696","23696","189923","62785","326049","52751","644738","1276246","366067","1642313"
"2018","March","72872","117481","460769","258548","909670","138106","1047776","-","23307","23307","164585","55595","293444","47039","582914","1143577","341079","1484656"
"2018","February","64929","104706","409145","230545","809326","124163","933490","-","19119","19119","140773","51063","260839","37516","490750","980942","277074","1258016"
"2018","January","58181","92485","377219","203207","731092","109527","840619","-","16305","16305","125891","50339","228234","31736","428487","864688","209851","1074539"
"2017","December","47530","75182","319672","167299","609683","96542","706225","-","14792","14792","114630","41279","195630","27908","338834","718282","209798","928079"
"2017","November","40874","62635","245488","141633","490630","67765","558395","-","9923","9923","89409","25131","163025","22170","240065","539799","143303","683102"
"2017","October","27601","47824","202707","111988","390120","53938","444058","-","4670","4670","70242","19428","122004","16315","168680","396669","121796","518466"
"2017","September","20974","40328","157245","86382","304929","39949","344878","-","6266","6266","49871","12247","97815","10222","114386","284541","57713","342254"
"2017","August","13196","27163","81718","58888","180965","23061","204026","0","1688","1688","29524","7764","65210","7546","37162","147206","24275","171482"
"2017","July","6624","13248","37256","27199","84327","11085","95412","0","81","81","11709","7102","32605","250","26616","78282","5749","84030"
"2017","June","89943","165474","625050","339034","1219501","181077.071","1400578.071","0","26312.44199","26312.44199","212865","53520","360776","62393","794758","1484314","654001","2138314"
"2017","May","81319","149102","547507","305994","1083923","167324","1251247.541","0","20699","20699","188578","44322","307425","52521","680650","1273495","559397","1832892"
"2017","April","72638","134666","482910","274169","964382","141746","1106128","0","22329","22329","164126","38508","300647","50724","572517","1126521","530711","1657232"
"2017","March","65804","121568","412034","246084","845490","130748","976238","0","20479","20479","145792","37280","270582","41911","498174","993739","441360","1435099"
"2017","February","58615.39","109381.1908","364994.0836","217776.7003","750767.3646","118953.5922","869720.9567","0","14157.62852","14157.62852","125425","35590","240517","38697","410153","850382","379645","1230027"
"2017","January","50841.52109","95811.62938","330139.6","190043.6611","666836.4116","105858.222","772694.6336","0","12950.38562","12950.38562","110413","34806","210453","32462","361347","749480","333426","1082905"
"2016","December","42883.20717","81664.37342","289274.6124","160535.766","574357.959","94977.13687","669335.0959","0","6424.705466","6424.705466","100088","25448","180388","30245","308660","644829","251623","896452"
"2016","November","32551.38839","60350.37415","222639.6803","126909.843","442451.2858","70282.22519","512733.511","0","7358.183977","7358.183977","76925","14819","150323","21454","250148","513670","225437","739106"
"2016","October","25843.56966","52977.15494","177381.8191","100833.1487","357035.6924","48255.66682","405291.3592","0","2166.850242","2166.850242","59155","10676","120259","16472","186235","392797","130709","523505"
"2016","September","19968.63459","40427.16792","140854.9956","79648.06236","280898.8605","35270.68447","316169.545","0","1422.36391","1422.36391","36110","9423","75100","14534","158671","293838","81752","375590"
"2016","August","12797.54512","27205.47647","80325.68308","52696.54818","173025.2529","23763.56889","196788.8217","0","25.9295715","25.9295715","26556","7774","45636","7505","95596","183067","6147","189214"
"2016","July","6136.016066","13555.23982","35269.49265","23775.81129","78736.55983","9957.183474","88693.74331","0","0","0","8643","7031","30065","2604","12192","60535","1580","62114"
"2016","June","79187.9336","139540.3433","564475.2125","289213.4665","1072416.956","149597.7813","1222014.737","0","28005.45686","28005.45686","172857","30510","307421","54396","722982","1288167","477201","1765368"
"2016","May","71582.14231","125956.9589","497253.6551","260671.8983","955464.6546","129400.8829","1084865.537","0","26479.99873","26479.99873","153793","21524","305733","47893","598738","1127681","363870","1491552"
"2016","April","64271.45681","111517.0614","445127.8519","234226.4099","855142.7801","118119.1603","973261.9403","0","26075.66772","26075.66772","137821","20254","277939","42278","522803","1001095","337848","1338943"
"2016","March","57792.85821","99129.08722","379543.9953","209242.6494","745708.5902","106669.1213","852377.7115","0","24491.22607","24491.22607","122587","19404","250145","35244","445022","872401","297263","1169665"
"2016","February","47212.8572","77666.67565","299514.6083","164755.3419","589149.483","91728.44685","680877.9299","0","24248.7706","24248.7706","105147","17937","222351","27054","308997","681486","246270","927756"
"2016","January","46501.23675","77032.82898","297878.0652","163068.6597","584480.7907","86459.70986","670940.5006","0","20825.60138","20825.60138","92686","17374","194557","27054","333048","664719","224148","888867"
"2015","December","39170","64705","262184","138036","504095","71145","575240","0","9243","9243","85715","15067","97226","23468","354677","576153","193029","769182"
"2015","November","32733.87589","51809.43513","197436.7202","115132.8087","397112.8399","54172.87957","451285.7194","0","8252.101136","8252.101136","67276","8219","97226","19055","258615","450391","159565","609956"
"2015","October","26230.61618","41110.59975","162202.7777","91824.88556","321368.8791","44114.80483","365483.684","0","6494.625934","6494.625934","51557","5636","52093","14400","215514","339200","57472","396673"
"2015","September","19422.32307","30103.86037","126753.69","69408.9538","245688.8272","31305.27829","276994.1055","0","5493.789444","5493.789444","37395","5636","52090","10400","107462","212983","41219","254202"
"2015","August","12675.88554","19812.26125","69280.19891","44333.76323","146102.1089","16088.72406","162190.833","0","2975.935754","2975.935754","19393","2454","55588","3100","49009","129545","29773","159317"
"2015","July","5853.471197","9415.745657","36489.51081","21897.5613","73656.28897","7551.343258","81207.63222","0","61.0026082","61.0026082","6722","1973","27794","200","15138","51827","5156","56983"
"2015","June","74047.72379","115871.7248","508580.8975","259685.201","958185.5471","123007.4033","1081192.95","0","28117.49546","28117.49546","139728","29289","297978","38232","570417","1075644","511822","1587466"
"2015","May","65320.78266","104866.0701","442489.5381","233154.9855","845831.3764","112934.4645","958765.8409","0","23531.13101","23531.13101","109786","21309","232818","33082","530564","927559","420084","1347643"
"2015","April","59201.64785","94354.31566","398095.0523","210855.3941","762506.4099","102849.3725","865355.7824","0","23419.62972","23419.62972","97736","21303","250000","30047","466155","865241","399084","1264325"
"2015","March","53241.66276","83762.29363","342207.3808","187640.0735","666851.4107","93359.48309","760210.8938","0","19123.60824","19123.60824","85700","21303","225000","25947","399772","757722","375413","1133135"
"2015","February","47363.60762","74536.93215","303065.921","166771.3254","591737.7861","83625.84784","675363.634","0","15158.17239","15158.17239","72382","18915","188744","20447","350810","651298","212886","864184"
"2015","January","41881.55535","66833.17783","272458.239","147619.9595","528792.9317","74434.43601","603227.3677","0","11204.85719","11204.85719","61631","12807","165151","19247","309139","567975","196861","764836"
"2014","December","35091.51604","56506.12119","239201.9312","122887.7242","453687.2925","63472.05134","517159.3439","0","7826.840565","7826.840565","56110","11375","150000","15996","233988","467469","146496","613965"
"2014","November","28171.97148","47378.45294","180321.1452","101526.7894","357398.359","46453.84462","403852.2036","0","6664.246189","6664.246189","51231","5165","114366","12496","189099","372356","117740","490097"
"2014","October","22465.81949","37500.36249","150355.8057","80398.17719","290720.1649","38510.79607","329230.961","0","6010.814082","6010.814082","39569","4180","91492","9736","155295","300272","73236","373508"
"2014","September","16632.9509","24672.98144","116250.0264","58708.19008","216264.1488","28409.27875","244673.4276","0","3377.150105","3377.150105","34673","3848","75030","6916","107549","228016","33100","261116"
"2014","August","10180.29669","14893.93146","62134.53303","37505.22325","124713.9844","17064.23537","141778.2198","0","581.802","581.802","18657","1051","50010","3946","55456","129121","11949","141070"
"2014","July","4564.11824","7614.583365","31331.13427","17885.2771","61395.11297","8115.098034","69510.21101","0","527.23","527.23","4509","463","25000","1800","15359","47130","2460","49590"
"2014","June","67554.63686","102029.0992","449590.0742","232630.3164","851804.1266","117358.0279","969162.1545","0","25272.95547","25272.95547","119193","14934","288471","31210","536074","989883","291280","1281163"
"2014","May","84511.6702","90419.75249","389249.1888","210202.4318","774383.0433","85776.8171","860159.8605","0","20605.39546","20605.39546","108704","9480","270836","24910","267877","681807","237985","919792"
"2014","April","76877.98801","81085.61243","351630.3487","188091.8073","697685.7565","81327.68461","779013.4411","0","16734.49517","16734.49517","89273","8760","246033","22660","239447","606173","209479","815652"
"2014","March","69518.49088","72451.76802","298241.6236","168100.4608","608312.3433","73264.42536","681576.7687","0","12723.29945","12723.29945","82562","8193","221250","20310","213130","545445","172085","717530"
"2014","February","62547.67692","64686.18621","264210.5277","149385.2521","540829.643","46275.50939","587105.1524","0","11580.07792","11580.07792","75749","6040","196831","18310","198954","495884","158806","654690"
"2014","January","55873.03364","57044.75666","239412.0902","132020.3991","484350.2796","54450.58067","538800.8603","0","9298.663167","9298.663167","64919","5689","173395","16010","196049","456061","124806","580867"
"2013","December","47493","48050.39295","210699.1172","110723.2432","416965.7534","43636.59868","460602.3521","0","8368.609687","8368.609687","60096","5020","138165","13810","162330","379422","110801","490223"
"2013","November","39722","40835.65018","159185.3737","91186.85117","330929.8751","33160.38878","364090.2639","0","7891.417115","7891.417115","50945","4016","113721","11460","139857","319999","86160","406160"
"2013","October","31774.57694","31870.53987","131457.0914","71973.50181","267075.71","21600.39745","288676.1074","0","4636.054642","4636.054642","34103","3481","90377","8900","123482","260342","59078","319420"
"2013","September","23325.50037","29001.86398","98914.40766","51548.70008","202790.4721","10776.53759","213567.0097","0","1623.964932","1623.964932","25008","2913","67883","6050","91566","193419","38125","231545"
"2013","August","16071.29742","18250.44247","52563.22804","34215.06852","121100.0364","7022.234427","128122.2709","0","298.9744211","298.9744211","14334","809","45388","4050","56731","121313","7281","128594"
"2013","July","6700.694474","7947.212099","25208.81417","15256.68513","55113.40587","3464.00696","58577.41283","0","17","17","3315","504","22788","1800","21343","49751","175","49926"
"2013","June","61484.24214","91810.0749","370600","216000","739894.317","82772.64482","822666.9618","0","76373.33265","76373.33265","94514","11335","292239","41012","380551","819651","443721","1263372"
"2013","May","52379.91571","77495.66113","326852.668","168795.3339","625523.5787","69522.81366","695046.3924","0","17146.12779","17146.12779","101275","10300","247164","22030","356701","737470","248052","985521"
"2013","April","47144.94136","69984.25708","290336.1885","189157.5682","596622.9551","62376.34429","658999.2994","0","13607.50442","13607.50442","87699","9485","217833","20180","324804","660002","218170","878172"
"2013","March","42458.74313","63087.89382","243592.0518","134455.4463","483594.135","47998.11775","531592.2528","0","12119.61457","12119.61457","78929","8732","202225","19930","266599","576416","197661","774077"
"2013","February","37906.34189","56523.11113","214700.7315","119699.6315","428829.816","44456.41058","473286.2265","0","8543.239305","8543.239305","71512","7428","174267","16930","230904","501040","159151","660191"
"2013","January","33537.27575","49387.03055","192826.9234","105042.0632","380793.293","38783.10943","419576.4024","0","7917.792051","7917.792051","59308","6835","153007","14130","205107","438387","151162","589549"
"2012","December","28212.63084","40532.05891","168398.3893","87565.61999","324708.699","34374.58984","359083.2889","0","6282.514885","6282.514885","53623","5529","131149","12300","182881","385482","120930","506412"
"2012","November","23488.83885","33208.91181","126569.4845","72555.99494","255823.2301","25136.18108","280959.4112","0","4370.763777","4370.763777","45836","4462","108917","10300","133615","303129","99938","403067"
"2012","October","18528.02316","26307.6105","103100.53","53056.31033","200992.474","15278.15709","216270.6311","0","2953.082761","2953.082761","36129","3683","86478","6850","94624","227765","80695","308459"
"2012","September","13137.7274","18301.33988","78106.65265","41515.81866","151061.5386","10942.47289","162004.0115","0","1292.507896","1292.507896","25209","2923","65350","6350","68241","168072","64220","232292"
"2012","August","8932.885028","11459.20216","41990.51467","27186.39842","89569.00027","7774.303142","97343.30341","0","519.5264668","519.5264668","18184","1686","43567","3500","40927","107864","38321","146185"
"2012","July","3973.98859","5625.323468","17973.37813","12822.09882","40394.78901","2794.568902","43189.35791","0","10.1706","10.1706","6815","698","21783","2050","8797","40144","9889","50032"
"2012","June","51712","78884","312463","183386","626445","64287","690732","0","12966","12966","82339","8880","218833","26152","302865","639069","276819","915888"
"2012","May","45558","71926","268833","157690","544007","53288","597295","0","12966","12966","73800","6134","198756","23652","292311","594653","231574","826227"
"2012","April","40539","64504","240871","142939","488853","45589","534442","0","12536","12536","65007","5645","182193","21752","271219","545816","202878","748694"
"2012","March","36587","57999","203053","128633","426272","38897","465169","0","10568","10568","56422","5099","163974","18852","235083","479430","190752","670182"
"2012","February","32455","50627","178098","114489","375669","33908","409577","0","10256","10256","51178","4339","144120","15150","211248","426035","160518","586553"
"2012","January","28584.82004","44380.11758","159088.7022","100781.6468","332835.2867","29280.69995","362115.9866","0","8653.863245","8653.863245","38182","4061","126105","13250","190266","371865","137336","509200"
"2011","December","25055.46458","37010.85392","141447.8171","86160.57955","289674.7151","25163.85795","314838.5731","0","7017.630465","7017.630465","37749","3455","108090","11250","155389","315933","114993","430926"
"2011","November","20513","30073","103651","70910","225147","17992","243139","0","5774","5774","29467","2559","85432","9250","116977","243685","76384","320069"
"2011","October","16356","22853","84523","55660","179392","14346","193738","0","3232","3232","23738","2102","68345","8072","86313","188570","59731","248301"
"2011","September","12426","17760","63008","42711","135905","11147","147052","0","2760","2760","17366","1551","55641","6152","55765","136475","43150","179625"
"2011","August","7888","11159","31470","27934","78451","5949","84400","0","1044","1044","11384","826","37094","3800","25297","78401","17480","95881"
"2011","July","3248","5104","14653","13748","36753","2609","39362","0","573","573","2737","567","18547","1700","14853","38404","5315","43719"
"2011","June","46072","80567","258651","171881","557171","103593","660764","0","7468","7468","69209","6989","197959","26670","281696","582523","234566","817089"
"2011","May","41112","73371","221026","154226","489735","76052","565787","0","18993","18993","58183","6174","181556","23660","229768","499341","188257","687598"
"2011","April","37105","66528","195385","139887","438905","72487","511392","0","14294","14294","52846","5159","165051","22385","216196","461637","168499","630136"
"2011","March","34032","60879","164961","125497","385369","61197","446566","0","15766","15766","49214","5159","147593","19310","188835","410111","149889","560000"
"2011","February","29881","54186","144295","111427","339789","54751","394540","0","14262","14262","41645","4429","131194","17010","161224","355502","133862","489364"
"2011","January","26830","47177","130250","98612","302869","47856","350725","0","11851","11851","36737","4169","114794","15110","149392","320202","113900","434102"
"2010","December","22699","39516","114188","81576","257979","36883","294862","0","8108","8108","34214","3634","98395","13470","123817","273530","83193","356723"
"2010","November","18647","32331","84560","67487","203025","33378","236403","0","6757","6757","27223","2789","81101","10650","102229","223992","79574","303566"
"2010","October","14402","25565","69453","53228","162648","25253","187901","0","5185","5185","21612","2303","64881","8860","83276","180932","62550","243482"
"2010","September","10323","18968","51972","38207","119470","13399","132869","0","1178","1178","14487","1596","43412","6000","58227","123722","39741","163463"
"2010","August","6273","12065","27193","24513","70044","12042","82086","0","944","944","9380","747","31948","4085","39260","85420","26364","111784"
"2010","July","2821","5889","13219","11916","33845","4694","38539","0","0","0","3762","491","15974","1950","13582","35759","174","35933"
"2010","June","41372","74644","216760","146792","479568","106809","586377","0","31190","31190","58438","6341","173499","28441","269676","536395","255398","791793"
"2010","May","37396","67745","182052","128187","415380","69823","485203","0","16822","16822","51923","5194","156515","27094","228185","468911","175633","644544"
"2010","April","34017","60951","164615","116820","376403","63870","440273","0","16301","16301","46510","4898","144583","24778","191856","412625","152487","565112"
"2010","March","30499","54375","140282","104723","329879","57810","387689","0","14378","14378","43440","4483","128058","24812","181097","381890","121194","503084"
"2010","February","27012","48668","123131","91879","290690","49994","340684","0","9978","9978","38861","3886","115666","20300","153009","331722","108304","440026"
"2010","January","24029","43080","111349","81309","259767","44764","304531","0","9879","9879","34415","3623","101208","17410","125783","282439","91807","374246"
"2009","December","20647","37301","97049","69454","224451","32863","257314","0","8766","8766","31144","3167","82516","16110","101911","234848","61284","296132"
"2009","November","16492","29838","73066","57082","176478","27986","204464","0","3524","3524","25789","2199","72291","12470","82700","195449","52297","247746"
"2009","October","12894","23731","60443","44887","141955","25355","167310","0","3524","3524","19631","1917","57833","8920","76508","164809","45920","210729"
"2009","September","9490","17273","45394","34547","106704","19949","126653","0","3469","3469","13497","1490","43375","6880","56750","121992","39021","161013"
"2009","August","6316","10850","23514","23044","63724","8547","72271","0","2549","2549","8834","826","28917","5130","32302","76009","21636","97645"
"2009","July","3316","5848","11848","12398","33410","4652","38062","0","2018","2018","4509","558","14458","2570","13300","35395","9393","44788"
"2009","June","36181","69872","184447","126854","417354","70539","487893","0","18065","18065","45949","6109","155220","27191","200952","435421","160177","595598"
"2009","May","32642","63422","179117","115032","390213","42227","432440","0","17202","17202","42089","6267","143330","22320","179494","393500","122203","515703"
"2009","April","29813","57332","157873","105056","350074","42481","392555","0","14659","14659","37346","4896","130300","21220","166377","360139","104985","465124"
"2009","March","27062","50503","133603","94818","305986","38239","344225","0","13209","13209","33510","4442","117270","21021","132371","308614","81512","390126"
"2009","February","24077","44781","117533","84620","271011","38234","309245","0","9604","9604","30472","3944","103550","16210","124721","278897","80486","359383"
"2009","January","21181","39019","98540","74678","233418","37776","271194","0","6225","6225","25176","3380","90435","14610","104988","238589","62947","301536"
"2008","December","18052","32495","84804","63846","199197","32564","231761","0","5165","5165","21359","2637","77778","13970","90195","205939","57006","262945"
"2008","November","14326","26446","62803","53117","156692","23568","180260","0","3890","3890","18805","1692","61815","10400","71731","164443","46067","210510"
"2008","October","10964","21837","52024","41993","126818","19429","146247","0","3520","3520","13629","1536","52138","8840","60543","136686","39172","175858"
"2008","September","7760","15882","39782","31243","94667","14219","108886","0","3239","3239","10417","1087","38111","7315","33556","90486","19580","110066"
"2008","August","4654","10437","22118","20201","57410","8818","66228","0","2090","2090","6742","605","27183","3620","18262","56412","18231","74643"
"2008","July","2476","5238","11384","10354","29452","4100","33552","0","121","121","3213","356","13788","1550","7293","26200","3320","29520"
"2008","June","32944","61906","156832","111939","363621","68599","432220","3759","21689","25448","42181","5696","145996","24089","185407","403368","131473","534841"
"2008","May","30534","57077","138685","102154","328450","53181","381631","3759","21036","24795","38243","4719","130297","22350","156735","352344","96341","448685"
"2008","April","27846","52062","123757","92085","295750","50441","346191","3759","16166","19925","33692","4492","118452","19290","137243","313169","80757","393926"
"2008","March","25650","46662","105627","82964","260903","47380","308283","3759","14305","18064","30969","4069","103504","16840","127674","283056","75538","358594"
"2008","February","22497","42036","92769","75003","232305","37001","269306","3759","12345","16104","27931","3036","91115","13300","110597","245979","67992","313971"
"2008","January","19651","37665","83880","66249","207445","34077","241522","3759","12345","16104","24572","2752","79725","12200","102416","221665","61951","283616"
"2007","December","16734","31030","71944","54489","174197","29534","203731","0","8362","8362","21111","2330","68335","12560","65899","170235","51723","221958"
"2007","November","14620","26998","56302","48176","146096","16487","162583","0","6365","6365","17568","1729","55347","8507","59827","142978","45560","188538"
"2007","October","11550","20953","45811","38500","116814","13588","130402","0","4735","4735","14026","1501","44188","6710","45162","111587","31232","142819"
"2007","September","8587","15286","34486","28835","87194","8816","96010","0","1237","1237","10454","1069","33208","5238","28578","78547","16275","94822"
"2007","August","5913","10732","19686","19580","55911","8886","64797","0","1167","1167","7413","685","18936","3586","25594","56214","13432","69646"
"2007","July","3215","5162","10060","10742","29179","4337","33516","0","656","656","3443","400","10532","1550","10617","26542","2751","29293"
"2007","June","27510","56406","124855","96269","305040","67990","373030","0","15494","15494","36860","5677","128754","20449","133959","325699","81053","406752"
"2007","May","25336","50336","108700","87395","271767","56188","327955","0","11150","11150","33698","4623","111308","19718","127186","296533","65153","361686"
"2007","April","23078","44926","97426","78522","243952","46493","290445","0","11011","11011","30959","4532","99437","17648","120816","273392","57472","330864"
"2007","March","20514","39613","82947","68899","211973","44741","256714","0","8283","8283","27789","4158","89423","16668","106502","244540","53094","297635"
"2007","February","18178","35139","72539","59867","185723","36020","221743","0","6463","6463","23507","3560","78528","14208","93710","213513","41924","255437"
"2007","January","16071","31205","65182","53015","165473","29847","195320","0","6163","6163","20634","3224","67370","12348","79741","183317","36409","219726"
"2006","December","13693","25374","56537","44617","140221","23909","164129","0","6027","6027","17559","2756","58514","11798","69865","160492","30277","190769"
"2006","November","11294","21240","43019","37417","112970","15687","128657","0","5025","5025","14389","1957","48800","9900","60207","135253","25858","161111"
"2006","October","8954","16862","35345","29267","90428","13743","104171","0","3693","3693","11732","1861","39087","8100","48555","109335","19034","128369"
"2006","September","6971","12768","28625","19560","67924","7633","75557","0","2173","2173","8918","1531","29344","6800","33874","80467","13901","94368"
"2006","August","4650","8755","14810","14016","42231","4227","46458","0","1440","1440","5964","925","19492","4800","19352","50533","8824","59357"
"2006","July","2031","3769","7398","7589","20787","1858","22646","0","264","264","3009","582","9886","1800","10263","25540","372","25912"
"2006","June","20511","50309","108897","76263","255980","57615.55","313595.55","4371","15592","19963","31445","9664","112277","19759","143036","316181","60301","376482"
"2006","May","18426","45389","100030","67931","231776","41715","273491","4371","12579","16950","28364","9378","97300","17922","122508","275472","53415","328887"
"2006","April","16053","41208","89221","60194","206676","34314","240990","4371","11981","16352","25419","9276","88448","16274","109883","249300","44350","293650"
"2006","March","15205","37886","78853","54261","186205","30947","217152","4371","11234","15605","22772","8715","79621","15571","100299","226978","41437","268415"
"2006","February","13270","33685","69270","47161","163386","26840","190226","4371","10131","14502","19690","8075","71555","14088","87103","200511","34745","235256"
"2006","January","11731","29458","62639","41172","145000","24821","169821","4371","9548","13919","16873","6887","62610","12698","80326","179394","30397","209791"
"2005","December","9923","24937","54823","33753","123436","19179","142615","0","5698","5698","13761","5824","53666","11189","70401","154841","23847","178688"
"2005","November","8227","20179","42620","26950","97976","13629","111605","0","4704","4704","11198","5155","43747","9434","52603","122137","19157","141294"
"2005","October","6322","15246","35498","21362","78428","12493","90921","0","4201","4201","8970","5031","35619","7404","43993","101017","16821","117838"
"2005","September","4652","11369","27337","14771","58129","6815","64944","0","3760","3760","6529","3222","26833","4438","32072","73094","13458","86552"
"2005","August","2742","6080","15462","9577","33861","3551","37412","0","1881","1881","4201","2603","17869","2118","21576","48367","8785","57152"
"2005","July","987","2687","6654","3826","14154","1327","15481","0","818","818","2098","1946","8944","575","7571","21134","3533","24667"
"2005","June","23532","44151","99255","75989","242927","46875","289802","5564","9341","14905","23375","7427","105612","12568","109096","258078","45627","303705"
"2005","May","21010","39892","87626","68247","216775","37405","254180","0","12396","12396","20500","7011","95780","12124","90049","225464","35328","260792"
"2005","April","19309","36180","78792","62565","196846","35960","232806","0","11236","11236","18406","6724","85602","11821","77780","200333","29621","229954"
"2005","March","17533","32414","69295","55620","174862","33903","208765","0","10371","10371","16368","6196","77315","9797","67309","176985","25268","202253"
"2005","February","15886","28901","61342","48930","155059","30460","185519","0","9366","9366","13855","5612","68899","9132","56307","153805","24158","177963"
"2005","January","14047","25260","55557","43434","138298","27348","165646","0","7108","7108","11984","5190","62026","7532","50003","136735","21388","158123"
"2004","December","11872","21737","47005","36003","116617","22327","138944","0","5611","5611","9777","4121","53054","6340","45422","118714","14922","133636"
"2004","November","9619","17879","34643","29323","91464","17077","108541","0","3774","3774","8144","3100","44087","5240","39094","99665","13594","113258"
"2004","October","7608","14117","28150","22967","72842","12783","85625","0","3696","3696","6643","2796","35378","4140","30306","79263","9516","88779"
"2004","September","5744","9830","20225","17664","53463","7173","60636","0","3395","3395","5228","2184","26489","3030","21346","58277","7661","65938"
"2004","August","3591","6239","11254","11391","32475","4675","37150","0","2199","2199","3661","1536","17638","2530","12848","38213","4162","42375"
"2004","July","1511","2964","5363","5027","14865","1950","16815","0","1747","1747","1734","1108","8553","1080","4807","17282","3160","20442"
"2004","June","22324","40085","77410","61725","201544","53137","254681","4383","11841","16224","23281","6419","95850","13612","105314","244476","37711","282187"
"2004","May","19457","35885","67287","55199","177828","38384","216212","4383","9894","14277","21857","5662","86938","10933","79213","204603","27028","231631"
"2004","April","18003","32817","60967","49959","161746","33961","195707","4383","9784","14167","20309","5608","78610","10570","72036","187133","25615","212748"
"2004","March","15790","29434","51380","44115","140719","28985","169704","4383","8165","12548","18710","4974","70370","10205","63123","167382","22039","189421"
"2004","February","13758","25819","45323","38472","123372","25071","148443","4383","8163","12546","16410","4498","63638","9305","52742","146593","20046","166639"
"2004","January","12079","22689","39854","33458","108080","22015","130095","4383","6128","10511","14301","4092","54738","8375","47610","129116","16894","146010"
"2003","December","10044","18800","34766","28051","91661","19884","111545","4383","5959","10342","12701","3382","43722","6125","40947","106877","14910","121787"
"2003","November","8084","15401","26451","22932","72868","13441","86309","4275","5055","9330","10684","2635","35851","4225","33880","87275","11742","99017"
"2003","October","6647","12019","21865","18085","58616","10637","69253","4275","3376","7651","8768","2526","28712","2720","29818","72544","8740","81284"
"2003","September","4994","8937","16934","12713","43578","8287","51865","4275","2908","7183","6504","1832","21574","2220","21449","53579","7676","61255"
"2003","August","3297","5574","9577","7703","26151","5224","31375","0","2761","2761","4263","1310","14435","2103","14861","36972","6756","43728"
"2003","July","1677","2681","4736","3622","12716","2339","15055","0","173","173","2125","910","7225","1201","7651","19112","2438","21550"
"2003","June","18477","35643","66744","56135","176999","33751","210750","458","14484","14942","27567","8459","85087","9450","90055","220618","43526","264144"
"2003","May","16542","31455","57418","51502","156917","30414","187331","0","12502","12502","25183","7639","77750","7730","77458","195760","35248","231008"
"2003","April","14712","28428","51614","46983","141737","28462","170199","0","9195","9195","23329","7582","70413","6870","66995","175189","29145","204334"
"2003","March","13276","25303","44149","42047","124775","26310","151085","0","7366","7366","20862","7154","63076","7314","62672","161078","21043","182121"
"2003","February","11781","22291","38580","37369","110021","25542","135563","0","5808","5808","18044","6632","55629","6365","60387","147057","19241","166298"
"2003","January","10119","19296","34827","32540","96782","17524","114306","0","4673","4673","16005","6316","48182","5615","50135","126253","17438","143691"
"2002","December","8520","15946","29916","27566","81948","14540","96488","0","3621","3621","13533","5634","41200","5071","40518","105956","14794","120750"
"2002","November","7383","13097","22656","23163","66299","11002","77301","0","3539","3539","11240","4868","33753","4166","31889","85916","12757","98673"
"2002","October","5963","10389","17528","18598","52478","8897","61375","0","2983","2983","9592","3938","26719","3216","26205","69670","9576","79246"
"2002","September","4554","8517","13442","12468","38981","6871","45852","0","2712","2712","7374","1742","19277","2256","19201","49850","7985","57835"
"2002","August","3226","5431","7540","8009","24206","4180","28386","0","1691","1691","5076","1170","14272","1356","13180","35054","5340","40394"
"2002","July","1421","2479","3015","3892","10807","2124","12931","0","698","698","3105","732","6970","626","5575","17008","1780","18788"
"2002","June","21584","32077","55862","50871","160394","37374","197768","1473","5350","6823","23744","6640","78125","8995","84458","201962","24953","226915"
"2002","May","19323","28974","48780","46389","143466","31095","174561","1473","4988","6461","21852","6941","72343","8155","69418","178709","20459","199168"
"2002","April","17607","26016","42065","41896","127584","28865","156449","1473","3681","5154","20423","6754","64827","7365","63667","163036","15218","178254"
"2002","March","16114","23178","37918","37506","114716","22966","137682","1026","3546","4572","18044","6186","57542","6572","55781","144125","13467","157592"
"2002","February","14508","20586","33596","33541","102231","21338","123569","1026","2675","3701","15878","5456","51073","6561","49359","128327","12057","140384"
"2002","January","13305","17460","29724","29723","90212","16848","107060","1026","2378","3404","14135","4998","44767","5782","42190","111872","10555","122427"
"2001","December","11575","14113","25701","24826","76215","14559","90774","1026","2002","3028","11985","4150","37837","4998","34640","93610","8551","102161"
"2001","November","9946","11758","19614","21232","62550","12819","75369","1026","1716","2742","9534","3238","31641","4213","31315","79941","7676","87617"
"2001","October","7672","8968","15683","16438","48761","10023","58784","1026","1229","2255","7844","3006","25313","2620","20733","59516","6140","65656"
"2001","September","5945","6662","12346","12277","37230","7011","44241","1026","693","1719","5742","2436","18375","2505","15315","44373","4609","48982"
"2001","August","4407","4515","6572","8166","23660","4663","28323","1026","501","1527","3772","1617","12460","1475","11435","30759","3542","34301"
"2001","July","1697","1830","3162","3337","10026","1739","11765","0","120","120","2349","1232","5699","5","3534","12819","1007","13826"
"2001","June","28726","28318","55829","50298","163171","31542","194713","5955","18125","24080","23232","7803","68119","6136","93651","198941","33980","232921"
"2001","May","26224","25321","46418","45722","143685","33866","177551","3585","11793","15378","20500","4445","62451","5837","86235","179468","28892","208360"
"2001","April","23951","22896","40043","41195","128085","26744","154829","3585","11648","15233","19225","4205","57431","5476","77896","164233","23466","187699"
"2001","March","21733","20457","36597","36730","115517","25289","140806","1714","11232","12946","16906","3727","52472","5116","65606","143827","22196","166023"
"2001","February","19313","18250","32481","31742","101786","21394","123180","1714","8654","10368","14901","3293","46622","4755","57650","127221","14807","142028"
"2001","January","17301","16115","28901","27924","90241","17042","107283","1714","8410","10124","13606","2915","41062","4096","48053","109732","13659","123391"
"2000","December","15048","13379","25026","23516","76969","13396","90365","1714","6420","8134","11302","2232","34828","3250","40593","92205","12707","104912"
"2000","November","13022","11314","19522","19824","63682","10898","74580","0","3569","3569","9603","2056","29025","2250","33368","76302","9646","85948"
"2000","October","10131","8716","15448","15386","49681","9319","59000","0","3355","3355","8659","1934","23220","1650","26926","62389","7396","69785"
"2000","September","7273","6604","12174","11424","37475","6797","44272","0","3069","3069","6682","1497","17415","1309","17457","44360","5450","49810"
"2000","August","4427","4152","6375","7392","22346","4257","26603","0","516","516","4298","1060","11610","600","12192","29760","1909","31669"
"2000","July","2813","1572","2905","2708","9998","1617","11615","0","323","323","2739","746","5805","543","4225","14058","1360","15418"
"2000","June","28605","28493","54402","40944","152444","25999","178443","0","4247","4247","20752","8635","65861","5145","56142","156535","18584","175119"
"2000","March","21407","21182","37156","30091","109836","20756","130592","344","3319","3663","15784","6039","50232","3732","39481","115268","22493","137761"
"1999","December","13912","14007","25545","19734","73198","13131","86329","329","2211","2540","8935","4597","33483","2520","24135","73670","12765","86435"
"1999","September","7157","6869","12054","9255","35335","5979","41314","6","1197","1203","3816","3068","16749","1387","12919","37939","6539","44478"